-- --------------------------------------------------------
-- Host:                         127.0.0.1
-- Server version:               10.1.34-MariaDB - mariadb.org binary distribution
-- Server OS:                    Win32
-- HeidiSQL Version:             9.5.0.5196
-- --------------------------------------------------------

/*!40101 SET @OLD_CHARACTER_SET_CLIENT=@@CHARACTER_SET_CLIENT */;
/*!40101 SET NAMES utf8 */;
/*!50503 SET NAMES utf8mb4 */;
/*!40014 SET @OLD_FOREIGN_KEY_CHECKS=@@FOREIGN_KEY_CHECKS, FOREIGN_KEY_CHECKS=0 */;
/*!40101 SET @OLD_SQL_MODE=@@SQL_MODE, SQL_MODE='NO_AUTO_VALUE_ON_ZERO' */;


-- Dumping database structure for bepnha_update2
CREATE DATABASE IF NOT EXISTS `bepnha_update2` /*!40100 DEFAULT CHARACTER SET utf8 */;
USE `bepnha_update2`;

-- Dumping structure for table bepnha_update2.categories
CREATE TABLE IF NOT EXISTS `categories` (
  `id` int(11) NOT NULL AUTO_INCREMENT,
  `type` tinyint(4) NOT NULL,
  `name` varchar(250) NOT NULL,
  `icon_location` varchar(250) NOT NULL,
  `parent_cate` int(11) NOT NULL,
  `created_by` int(11) NOT NULL,
  `modified_by` int(11) DEFAULT NULL,
  `created_at` timestamp NOT NULL DEFAULT CURRENT_TIMESTAMP,
  `updated_at` timestamp NOT NULL DEFAULT CURRENT_TIMESTAMP,
  `disable` tinyint(4) NOT NULL,
  `style` tinyint(4) NOT NULL,
  PRIMARY KEY (`id`)
) ENGINE=InnoDB AUTO_INCREMENT=21 DEFAULT CHARSET=utf8;

-- Dumping data for table bepnha_update2.categories: ~20 rows (approximately)
/*!40000 ALTER TABLE `categories` DISABLE KEYS */;
INSERT INTO `categories` (`id`, `type`, `name`, `icon_location`, `parent_cate`, `created_by`, `modified_by`, `created_at`, `updated_at`, `disable`, `style`) VALUES
	(1, 1, 'Prof. Lillie Rempel', 'category/2018/12/30/Hildegard Baumbach Jr.', 0, 1, NULL, '2018-10-08 10:14:16', '2018-10-08 10:14:16', 1, 2),
	(2, 1, 'Dr. Marcos Stroman', 'category/2018/1/1/Prof. Britney Prohaska', 0, 1, NULL, '2018-10-08 10:14:16', '2018-10-08 10:14:16', 0, 1),
	(3, 2, 'Jamie Donnelly PhD', 'category/2018/12/30/Ms. Laurie Douglas', 0, 1, NULL, '2018-10-08 10:14:16', '2018-10-08 10:14:16', 1, 2),
	(4, 1, 'Prof. Lorenz Altenwerth', 'category/2018/12/30/Rashad White', 0, 1, NULL, '2018-10-08 10:14:16', '2018-10-08 10:14:16', 0, 1),
	(5, 1, 'Penelope Boyer', 'category/2018/12/1/Timmothy Schiller', 0, 1, NULL, '2018-10-08 10:14:16', '2018-10-08 10:14:16', 0, 1),
	(6, 2, 'Grady Beatty PhD', 'category/2018/1/1/Lolita Schumm', 0, 1, NULL, '2018-10-08 10:14:16', '2018-10-08 10:14:16', 1, 1),
	(7, 2, 'Dr. Durward Schroeder Sr.', 'category/2018/12/30/Dalton Glover III', 0, 1, NULL, '2018-10-08 10:14:16', '2018-10-08 10:14:16', 1, 2),
	(8, 1, 'Mr. Milford Leannon', 'category/2018/1/1/Francesca Blick', 0, 1, NULL, '2018-10-08 10:14:16', '2018-10-08 10:14:16', 0, 2),
	(9, 1, 'London Monahan', 'category/2018/1/30/Zackery Barton', 0, 1, NULL, '2018-10-08 10:14:16', '2018-10-08 10:14:16', 0, 1),
	(10, 2, 'Nikita Hudson', 'category/2018/12/1/Mr. Dante Brown IV', 0, 1, NULL, '2018-10-08 10:14:16', '2018-10-08 10:14:16', 1, 1),
	(11, 2, 'Wilhelm Grady', 'category/2018/1/30/Wendell Kilback', 0, 1, NULL, '2018-10-08 10:14:16', '2018-10-08 10:14:16', 1, 2),
	(12, 2, 'Toy Weimann DDS', 'category/2018/1/30/Martin Christiansen', 0, 1, NULL, '2018-10-08 10:14:16', '2018-10-08 10:14:16', 0, 1),
	(13, 1, 'Antwon Feeney', 'category/2018/1/30/Meghan O\'Keefe', 0, 1, NULL, '2018-10-08 10:14:16', '2018-10-08 10:14:16', 0, 1),
	(14, 1, 'Adelia Wintheiser', 'category/2018/12/30/Aiden Heller', 0, 1, NULL, '2018-10-08 10:14:16', '2018-10-08 10:14:16', 1, 2),
	(15, 2, 'Chad Pfeffer', 'category/2018/12/1/Ray Borer', 0, 1, NULL, '2018-10-08 10:14:16', '2018-10-08 10:14:16', 0, 1),
	(16, 1, 'Elda Johnson', 'category/2018/1/1/Sid Herzog', 0, 1, NULL, '2018-10-08 10:14:16', '2018-10-08 10:14:16', 1, 1),
	(17, 1, 'Gregorio Casper', 'category/2018/1/1/Dr. Verda Pouros MD', 0, 1, NULL, '2018-10-08 10:14:16', '2018-10-08 10:14:16', 0, 1),
	(18, 2, 'Marguerite Dietrich', 'category/2018/12/30/Estevan Hyatt Sr.', 0, 1, NULL, '2018-10-08 10:14:16', '2018-10-08 10:14:16', 1, 1),
	(19, 2, 'Prof. Geovanny Pfeffer II', 'category/2018/12/1/Soledad Ankunding', 0, 1, NULL, '2018-10-08 10:14:16', '2018-10-08 10:14:16', 1, 2),
	(20, 2, 'Prof. Alvina Keebler DVM', 'category/2018/1/30/Mr. Jovani Bartell', 0, 1, NULL, '2018-10-08 10:14:16', '2018-10-08 10:14:16', 0, 1);
/*!40000 ALTER TABLE `categories` ENABLE KEYS */;

-- Dumping structure for table bepnha_update2.items
CREATE TABLE IF NOT EXISTS `items` (
  `id` int(11) NOT NULL AUTO_INCREMENT,
  `name` varchar(250) DEFAULT NULL,
  `cheft` varchar(250) DEFAULT NULL,
  `description` longtext NOT NULL,
  `video_location` varchar(250) NOT NULL,
  `image_location` varchar(250) NOT NULL,
  `background_location` varchar(250) DEFAULT NULL,
  `duration` varchar(20) DEFAULT NULL,
  `time_to_done` varchar(20) DEFAULT NULL,
  `ingredients` varchar(250) DEFAULT NULL,
  `ingredients_2` varchar(250) DEFAULT NULL,
  `steps` text,
  `level` int(11) DEFAULT NULL,
  `note` text,
  `pcategory_id` int(11) DEFAULT NULL,
  `category_id` int(11) DEFAULT NULL,
  `created_by` int(11) DEFAULT NULL,
  `modified_by` int(11) DEFAULT NULL,
  `created_at` timestamp NULL DEFAULT NULL,
  `updated_at` timestamp NULL DEFAULT NULL,
  `view_count` int(11) DEFAULT NULL,
  `ordering` int(11) DEFAULT NULL,
  `is_featured` tinyint(3) DEFAULT NULL,
  `is_new` tinyint(3) DEFAULT NULL,
  `is_for_you` tinyint(3) DEFAULT NULL,
  `is_like` tinyint(3) DEFAULT NULL,
  `is_home` tinyint(3) DEFAULT NULL,
  `disable` tinyint(3) DEFAULT NULL,
  `session_in_day` tinyint(4) DEFAULT NULL,
  `type` tinyint(4) DEFAULT NULL,
  PRIMARY KEY (`id`)
) ENGINE=InnoDB AUTO_INCREMENT=51 DEFAULT CHARSET=utf8;

-- Dumping data for table bepnha_update2.items: ~50 rows (approximately)
/*!40000 ALTER TABLE `items` DISABLE KEYS */;
INSERT INTO `items` (`id`, `name`, `cheft`, `description`, `video_location`, `image_location`, `background_location`, `duration`, `time_to_done`, `ingredients`, `ingredients_2`, `steps`, `level`, `note`, `pcategory_id`, `category_id`, `created_by`, `modified_by`, `created_at`, `updated_at`, `view_count`, `ordering`, `is_featured`, `is_new`, `is_for_you`, `is_like`, `is_home`, `disable`, `session_in_day`, `type`) VALUES
	(1, 'Timmy Heidenreich', 'Berniece Bode', 'Magni id est nesciunt quae aliquam ut. Ea facilis ex in velit ut ab. Blanditiis vel quibusdam veniam hic fugiat eaque dignissimos.', '2018/1/1/Carol Boyer', 'videos/2018/12/30/Merle Davis IV', NULL, '24:1', '0:60', 'Et est mollitia hic eaque quo quaerat temporibus. Asperiores velit quae sint quas dolore distinctio. Qui officia sint qui.', 'Rerum ut officiis perspiciatis aut. Deserunt modi beatae in error ab beatae nam. Magnam vel eaque voluptatum eos magnam molestiae ullam. Eius eum doloribus quia voluptate repellat.', 'Saepe fugit quo rerum qui nesciunt blanditiis nesciunt. Eum totam quis quos voluptas quae repudiandae omnis. Ullam amet voluptatem beatae cumque. Et inventore veritatis est optio itaque est eaque.', 5, 'Minus facilis veniam hic perspiciatis. Doloremque excepturi nam aut minima. Repellendus quis voluptatem consectetur ullam totam. Ut earum maxime voluptas consectetur ut. Error sequi hic et ut labore.', 17, 5, 1, NULL, '2018-10-10 02:08:43', '2018-10-10 02:08:43', 200, 0, 0, 1, 1, 0, 1, 0, 0, 1),
	(2, 'Dr. Lou Abshire', 'Miss Reina Nitzsche IV', 'Enim sapiente unde iste fuga dolor. Et quis consequatur labore nostrum cupiditate voluptates.', '2018/12/30/Prof. Rollin Parisian I', 'videos/2018/12/30/Emely Howe', NULL, '24:1', '24:60', NULL, NULL, NULL, 1, NULL, 10, 7, 1, NULL, '2018-10-10 02:08:43', '2018-10-10 02:08:43', 200, 0, 1, 1, 0, 1, 0, 0, 3, 2),
	(3, 'Rachel Lueilwitz', 'Ms. Cassandre Fay', 'Sed temporibus modi sapiente voluptatem accusamus mollitia aut. Quia in occaecati et et aut nihil repellat. Rerum nam ipsam ut deserunt corporis quas officiis molestias.', '2018/12/1/Eladio Christiansen', 'videos/2018/1/1/Prof. Carrie Ratke', NULL, '24:1', '0:1', NULL, NULL, NULL, 1, NULL, 7, 7, 1, NULL, '2018-10-10 02:08:43', '2018-10-10 02:08:43', 200, 0, 0, 0, 0, 1, 0, 0, 0, 2),
	(4, 'Mrs. Meagan Kshlerin', 'Lonzo Emard', 'At quo veniam voluptates. Voluptatum dolor est ullam. Vero accusantium aut voluptatem autem quas nemo hic.', '2018/1/1/Miss Hertha Johnston Sr.', 'videos/2018/12/1/Dr. Amya Carroll V', NULL, '0:60', '0:60', NULL, NULL, NULL, 1, NULL, 3, 8, 1, NULL, '2018-10-10 02:08:43', '2018-10-10 02:08:43', 100, 0, 1, 1, 0, 1, 0, 1, 3, 2),
	(5, 'Prof. Arvid Kessler I', 'Micheal Boyle', 'Impedit sint autem animi enim harum cupiditate. Fuga dolor quibusdam aperiam blanditiis voluptas voluptatem. Alias asperiores minima iure numquam modi.', '2018/12/30/Prof. Lucas Nitzsche', 'videos/2018/1/1/Lorenzo Dickens', NULL, '24:60', '24:1', 'Exercitationem a natus incidunt ipsum quas rem atque. Dolorem beatae deserunt id. Dolor ut omnis necessitatibus sint illo sit omnis. Praesentium placeat et saepe maiores in ducimus.', 'Officia est enim voluptatibus. Rerum consequatur velit in corrupti eius ut fugit. Numquam iusto est nihil qui nulla.', 'Numquam saepe quis quas et rerum repellendus enim facere. Vel et quia dicta.', 1, 'Quam voluptatibus asperiores enim nam sequi dolorem reprehenderit. Fuga ullam unde quisquam. Dolore earum qui incidunt nam soluta esse qui. Expedita minima maxime ut eum dolores et.', 3, 6, 1, NULL, '2018-10-10 02:08:43', '2018-10-10 02:08:43', 100, 0, 1, 1, 0, 1, 1, 0, 3, 1),
	(6, 'Dr. Mollie Nikolaus DDS', 'Prof. John Hudson', 'Quod labore aliquid nemo atque. Reprehenderit ut incidunt dolorum. Corrupti odio enim similique tenetur voluptatem possimus in. Recusandae atque veniam ipsum voluptas et sint facere.', '2018/12/1/Elda Cartwright', 'videos/2018/12/1/Mr. London Dach PhD', NULL, '24:60', '24:60', NULL, NULL, NULL, 5, NULL, 15, 2, 1, NULL, '2018-10-10 02:08:43', '2018-10-10 02:08:43', 100, 0, 1, 0, 0, 0, 1, 0, 0, 2),
	(7, 'Shanon Abbott MD', 'Elsa Feil', 'Reprehenderit vitae laborum corrupti omnis omnis placeat. Porro porro sed architecto exercitationem sint. Aut dolorum expedita quam et.', '2018/1/1/Watson Beahan', 'videos/2018/12/1/Prof. Andres Boehm MD', NULL, '0:60', '0:1', NULL, NULL, NULL, 5, NULL, 1, 8, 1, NULL, '2018-10-10 02:08:43', '2018-10-10 02:08:43', 200, 0, 1, 1, 1, 1, 1, 1, 3, 2),
	(8, 'Beverly Hill', 'Mckenzie Nicolas', 'Veritatis eum laboriosam modi incidunt. Ipsum sed earum ut. Debitis non in blanditiis eum in.', '2018/1/30/Mauricio Brakus', 'videos/2018/1/30/Ms. Camilla Miller I', NULL, '0:60', '24:1', NULL, NULL, NULL, 5, NULL, 12, 8, 1, NULL, '2018-10-10 02:08:43', '2018-10-10 02:08:43', 100, 0, 1, 1, 1, 1, 1, 1, 0, 2),
	(9, 'Tremayne Bergnaum', 'Triston Douglas', 'Magni qui voluptas tempora similique. Ipsa quis est possimus voluptas sed ut suscipit. Asperiores voluptatem distinctio ratione officiis necessitatibus.', '2018/12/1/Mr. Derick Greenfelder Sr.', 'videos/2018/1/30/Iliana Mills', NULL, '24:60', '24:60', 'Repudiandae quam voluptatibus ea non vel ut quisquam. Corrupti tempore minus deserunt nemo. Dolorem distinctio repudiandae recusandae.', 'Sed consequatur illo provident. Temporibus sint distinctio autem nobis molestias. Expedita omnis laboriosam consequatur veniam asperiores magni iste. Dolores perferendis ipsam nulla laborum.', 'Voluptas nisi ducimus eos ea aut quia illum. Reprehenderit similique et corrupti est aut dolorem. Amet sed et dolorum qui nam corporis id. Consequatur dolor molestias occaecati aut.', 5, 'Accusamus est quia quasi dicta. Error dolor rem est dolorem. Illo voluptas vel illum laborum dolor quo tempora.', 8, 2, 1, NULL, '2018-10-10 02:08:43', '2018-10-10 02:08:43', 100, 0, 1, 0, 0, 1, 0, 0, 3, 1),
	(10, 'Retta Corwin', 'Mrs. Wava Russel', 'Totam soluta adipisci aut quae. Enim dolor consequatur non quia error veniam. Numquam pariatur quo error sit ut porro.', '2018/1/30/Kelli Gottlieb', 'videos/2018/1/30/Jayne Goodwin II', NULL, '0:60', '24:1', 'Consequatur odio occaecati similique quia quidem. Dicta voluptatem enim quia excepturi sunt. Quod molestiae suscipit dolor voluptate porro repellat.', 'Voluptatem maxime in deleniti officia libero. Facere odio repudiandae doloremque veniam facere voluptatum soluta. Consequatur iure a quo vel.', 'Qui praesentium et rerum voluptas. Et ab hic unde accusantium minima. Et sapiente asperiores sit dignissimos.', 1, 'Dolore sit distinctio et assumenda laborum ut officiis. Dolores consequatur corporis aut. Corrupti magnam velit aut voluptas. Perspiciatis necessitatibus blanditiis sapiente consequatur doloremque.', 19, 15, 1, NULL, '2018-10-10 02:08:43', '2018-10-10 02:08:43', 100, 0, 1, 0, 0, 0, 0, 1, 3, 1),
	(11, 'Brandon Stroman', 'Ransom Lynch', 'Quo et nesciunt accusantium dolorum. Nulla praesentium ullam deleniti qui qui rerum repellat. Quis reiciendis ad fugiat tempore. Non voluptate consequatur dolores molestiae asperiores tenetur.', '2018/12/1/Loraine Borer', 'videos/2018/1/30/Lance Marvin', NULL, '24:1', '24:1', NULL, NULL, NULL, 1, NULL, 5, 7, 1, NULL, '2018-10-10 02:08:43', '2018-10-10 02:08:43', 100, 0, 1, 0, 1, 1, 1, 1, 0, 2),
	(12, 'Mrs. Kallie Langworth', 'Magdalena Kris', 'Facilis doloremque ab excepturi maxime eum qui et tempore. Quae voluptates consequatur maxime ut. Molestiae inventore libero id voluptatibus iste.', '2018/1/1/Eliseo Sporer', 'videos/2018/12/30/Alessandra Wyman', NULL, '24:1', '24:1', NULL, NULL, NULL, 5, NULL, 12, 19, 1, NULL, '2018-10-10 02:08:43', '2018-10-10 02:08:43', 200, 0, 1, 1, 0, 1, 0, 0, 0, 2),
	(13, 'Kristopher Waters DDS', 'Sydni Adams', 'Reprehenderit assumenda odit ratione modi. Ex pariatur iste quo maiores cupiditate autem autem recusandae. Nulla repellendus quaerat inventore sed. Recusandae repellat fugit fugiat beatae temporibus.', '2018/12/1/Justyn Goodwin', 'videos/2018/12/30/Rita Ferry', NULL, '0:1', '0:1', 'Est autem aut architecto quod rerum vel. Et fugit quod labore. Et voluptas et excepturi deleniti aut.', 'Velit odio sunt odit. Temporibus laborum ipsa magni voluptatem ad blanditiis nam. Eaque sunt porro ipsum.', 'Qui nisi quia iusto minus. Dolores aut quis occaecati accusantium molestiae. Ullam quidem et repellat at. Ipsam voluptas reiciendis vitae hic.', 1, 'Atque vel odit voluptatum ipsam. Omnis ducimus itaque possimus est. Est perspiciatis ut sit distinctio sunt.', 6, 20, 1, NULL, '2018-10-10 02:08:43', '2018-10-10 02:08:43', 100, 0, 0, 0, 1, 1, 0, 0, 0, 1),
	(14, 'Edmond Bartell Sr.', 'Dr. Damion Wuckert', 'Dolorum aut eaque qui adipisci neque aperiam. Consequatur rerum nam autem quia ducimus sunt a. Dicta libero blanditiis inventore animi ratione fugit quam.', '2018/1/1/Jody Langworth', 'videos/2018/1/1/Janessa Ondricka', NULL, '24:1', '0:60', NULL, NULL, NULL, 5, NULL, 15, 3, 1, NULL, '2018-10-10 02:08:43', '2018-10-10 02:08:43', 100, 0, 1, 1, 0, 1, 0, 0, 3, 2),
	(15, 'Dr. Jaquan Koch', 'Shanny Hand', 'Ratione quasi et ea sit rem. Molestiae perspiciatis animi adipisci ut repudiandae et. Alias aut minus aperiam doloribus. Cumque suscipit blanditiis excepturi eligendi quia nisi aut.', '2018/12/1/Craig Lockman', 'videos/2018/1/1/Dr. Isidro Ritchie III', NULL, '24:1', '0:60', 'Doloribus dicta saepe amet autem ut sapiente. Inventore corporis nesciunt est sed dolorum veniam velit. Voluptas fuga ut ab vitae. Repellendus consequatur non omnis cupiditate veniam fugiat.', 'In repellendus inventore omnis odio et et quia. Corporis voluptas fugiat velit et. Perspiciatis voluptas iure nostrum minima ut.', 'Voluptate iste et optio excepturi. Tempore ut nobis rem eum. Eos adipisci omnis modi quibusdam. Quis nesciunt et ducimus explicabo harum quibusdam.', 5, 'Incidunt quod ut autem libero consequatur. Animi sed sapiente sed officia repellendus qui eos. Debitis aspernatur id consectetur eaque ab non.', 20, 9, 1, NULL, '2018-10-10 02:08:43', '2018-10-10 02:08:43', 100, 0, 1, 0, 1, 0, 0, 0, 3, 1),
	(16, 'Izaiah Shields', 'Prof. Alyce Cartwright II', 'Consequatur aperiam hic ducimus aliquid earum repudiandae. Labore quis officiis ut totam magnam qui nihil. Quod ut vitae blanditiis praesentium eius sequi eius amet.', '2018/1/30/Denis Kreiger DDS', 'videos/2018/1/1/Dr. Walker Torp', NULL, '0:1', '24:60', NULL, NULL, NULL, 5, NULL, 10, 7, 1, NULL, '2018-10-10 02:08:43', '2018-10-10 02:08:43', 200, 0, 0, 0, 1, 1, 0, 0, 0, 2),
	(17, 'Bridie Hickle', 'Mr. Garth McClure I', 'Quo repudiandae blanditiis accusantium reprehenderit eius et rem. Ut officia id inventore dolorem. Voluptas maiores tempora qui ut dolores. Dolore qui beatae possimus ea est praesentium.', '2018/1/1/Ms. Mary Durgan Jr.', 'videos/2018/12/1/Prof. Eleazar Moore IV', NULL, '24:1', '24:1', NULL, NULL, NULL, 1, NULL, 15, 11, 1, NULL, '2018-10-10 02:08:43', '2018-10-10 02:08:43', 200, 0, 1, 1, 0, 1, 1, 1, 0, 2),
	(18, 'Noemy Casper', 'Elisha Watsica', 'Veritatis sint accusamus aut tempora animi consequuntur rerum. Magnam similique minus ea et. Itaque quia dolor quam velit consequuntur ab sed. Dignissimos quo reiciendis cum sit.', '2018/12/1/Hilda Kiehn DDS', 'videos/2018/12/30/Abigale Botsford', NULL, '24:1', '0:60', 'Quod doloribus molestiae praesentium ut dolorum officia accusamus. Odit dolores velit aut modi. Nostrum enim quisquam corrupti et.', 'Voluptates qui totam ex alias in. Explicabo ea quisquam voluptatem suscipit id. Placeat perspiciatis earum ut est accusamus ut provident asperiores.', 'A consequuntur facere laudantium itaque voluptatem repudiandae rerum impedit. Impedit rerum qui dolores dolorum cum soluta. Alias quae nulla et dicta vel aliquid. Tempore ab placeat necessitatibus.', 5, 'Voluptate ex ad est suscipit quidem. Quis consectetur et sunt tenetur accusamus et. Sequi ipsa accusamus excepturi ut minima. Qui qui voluptatibus ab eum. Placeat ut et veritatis incidunt.', 15, 8, 1, NULL, '2018-10-10 02:08:43', '2018-10-10 02:08:43', 200, 0, 1, 0, 0, 1, 0, 1, 0, 1),
	(19, 'Mohamed Dooley', 'Prof. Ettie Kirlin III', 'Tenetur et enim error quod dolorem et sit tempora. Et earum sunt quo qui ut. Maxime repudiandae quia id nostrum. Provident autem consequatur quo similique voluptatem sequi sunt.', '2018/12/30/Darian Adams', 'videos/2018/1/1/Prof. Madge Hahn II', NULL, '24:60', '0:60', NULL, NULL, NULL, 5, NULL, 4, 17, 1, NULL, '2018-10-10 02:08:43', '2018-10-10 02:08:43', 100, 0, 0, 0, 0, 0, 1, 0, 0, 2),
	(20, 'Orland Spinka DDS', 'Dr. Makenzie Boehm', 'Officiis aut est voluptatibus ut. Harum maxime quod sunt sit. Voluptatem temporibus et qui dolore.', '2018/12/1/Kamryn Hackett', 'videos/2018/1/1/Randy Wiegand', NULL, '0:60', '0:1', NULL, NULL, NULL, 1, NULL, 19, 3, 1, NULL, '2018-10-10 02:08:43', '2018-10-10 02:08:43', 200, 0, 1, 0, 1, 0, 1, 0, 3, 2),
	(21, 'Mr. Grover Pollich', 'Miss Rosalinda Carter', 'Fugiat eveniet odio odio. Dolore vero culpa reiciendis qui enim culpa at. Explicabo pariatur ullam omnis natus repellendus modi.', '2018/12/1/Valentine Gerhold', 'videos/2018/12/1/Julien Moore', NULL, '0:60', '0:60', NULL, NULL, NULL, 5, NULL, 6, 17, 1, NULL, '2018-10-10 02:08:43', '2018-10-10 02:08:43', 200, 0, 0, 1, 1, 0, 1, 0, 3, 2),
	(22, 'Dr. Jalon Beatty IV', 'Stone Osinski', 'Nisi inventore consequatur eius assumenda ut et. Voluptatem perferendis qui occaecati laborum enim. Reiciendis saepe voluptatibus magnam debitis.', '2018/1/30/Tomasa O\'Reilly', 'videos/2018/1/30/Dr. Mervin Prohaska DDS', NULL, '0:60', '0:60', NULL, NULL, NULL, 5, NULL, 1, 9, 1, NULL, '2018-10-10 02:08:43', '2018-10-10 02:08:43', 200, 0, 1, 0, 0, 1, 1, 1, 3, 2),
	(23, 'Darian Farrell', 'Corrine Carroll', 'Libero corporis ea dicta impedit rerum. Officia quia est dolorum enim. Non minus quo quidem eum cumque sint.', '2018/1/30/Ms. Adaline Sipes Sr.', 'videos/2018/1/30/Aracely Hauck', NULL, '0:60', '0:60', 'Consectetur voluptas sit omnis tenetur dolor corporis. Adipisci sequi quidem delectus quas ex. Est voluptates error sunt accusantium qui dignissimos voluptatum.', 'Neque sit ullam perferendis laboriosam dignissimos fugiat. Sequi labore quas voluptate. Ea sunt sit vitae inventore sunt nihil. Quia inventore dolor architecto rerum corrupti.', 'Tenetur est ut ut a. Qui temporibus minima sed animi quia. Ad eveniet laudantium veniam libero aut id. Est et cumque praesentium omnis facere ut soluta in.', 5, 'Dolores exercitationem et eveniet aperiam. Assumenda exercitationem voluptatum architecto. Nostrum odit laborum iure.', 13, 13, 1, NULL, '2018-10-10 02:08:43', '2018-10-10 02:08:43', 200, 0, 1, 0, 0, 1, 1, 1, 0, 1),
	(24, 'Ada Kulas', 'Prof. Hadley Hackett I', 'Delectus aut omnis et. Voluptatem nihil molestiae adipisci. Modi ut est ullam id quo. Iusto illo dolorem molestias non repellat sed asperiores.', '2018/12/1/Adolf Hickle', 'videos/2018/12/1/Abigale Kunze', NULL, '0:60', '0:1', 'Eligendi quam consequatur sed et fugit. Expedita alias aut et. Natus adipisci dolorum dignissimos. Voluptas est voluptatum sit debitis autem quibusdam facere.', 'Et tenetur quaerat repellendus beatae amet sunt quaerat. Non impedit impedit vel fugit cum. Doloribus consequuntur consequatur dolor est magnam.', 'Voluptatem aliquam fuga necessitatibus voluptates perspiciatis non. Id at quia quam aut quaerat qui error. Exercitationem rerum laudantium aliquam. Sapiente nobis facilis ut modi et aperiam natus.', 5, 'Est labore recusandae id reprehenderit. Dicta est corrupti libero nihil. Qui sint error sequi delectus. Non et id a illo possimus voluptate.', 5, 2, 1, NULL, '2018-10-10 02:08:43', '2018-10-10 02:08:43', 200, 0, 1, 0, 0, 1, 1, 1, 3, 1),
	(25, 'Prof. Lesly Christiansen V', 'Emmanuel White', 'Temporibus soluta ea vero quibusdam et sint. Voluptatibus cupiditate dolor eaque. Dignissimos dolorem pariatur odit minus nihil perferendis id eos.', '2018/12/1/Shakira Lynch', 'videos/2018/1/30/Jeffery Hartmann DDS', NULL, '24:1', '24:1', 'Nihil aut distinctio vitae culpa et. Minima praesentium omnis iusto officia reiciendis occaecati et. Dolor nisi quo debitis rerum. Tenetur delectus ipsa id.', 'Quasi iure laudantium eius qui qui et. Totam reprehenderit dolores nulla corrupti et quia et. Similique doloremque qui asperiores.', 'Tempore sit voluptate fuga corporis nobis et. Nam iusto architecto earum dignissimos asperiores repellendus. Corporis nobis ut est voluptate ab voluptatem nulla non.', 1, 'Nobis eius voluptas sit. Voluptatibus totam rerum dolorum quis consequatur adipisci fuga.', 3, 3, 1, NULL, '2018-10-10 02:08:43', '2018-10-10 02:08:43', 100, 0, 1, 0, 0, 1, 1, 1, 0, 1),
	(26, 'Melody Fadel', 'Jovanny Koepp', 'Eos necessitatibus dolore qui exercitationem ipsa facilis. Nisi reprehenderit quod accusantium vel veniam molestiae.', '2018/12/1/Prof. Kristina Monahan II', 'videos/2018/12/30/Eliseo Boehm II', NULL, '24:1', '0:1', 'Eos aut et et inventore laborum. Neque sequi id itaque natus sit sunt soluta. Minima laborum voluptatibus aut sint omnis aspernatur perferendis et.', 'Odit sed delectus mollitia. Beatae consequatur aliquam nostrum aut. Quia eos et aliquam libero vero rerum optio. Ipsa consectetur maxime ut necessitatibus amet.', 'Enim ut maiores numquam ea dolore provident velit. At quia quos eos qui. Qui dolores temporibus maiores iure magni beatae.', 5, 'Maxime numquam mollitia nobis repellendus quas harum tempore. Ut voluptatibus qui sint sint facere vitae animi. Dolorem est illum dolores expedita non.', 17, 9, 1, NULL, '2018-10-10 02:08:43', '2018-10-10 02:08:43', 100, 0, 1, 0, 0, 0, 0, 0, 3, 1),
	(27, 'Miss Arielle O\'Connell PhD', 'Ryley Reynolds', 'Laudantium nostrum unde voluptatem eum. Nulla in eum nostrum. Magni debitis id non.', '2018/1/30/Prof. Benton Smith DDS', 'videos/2018/12/1/Shanie Daugherty II', NULL, '24:60', '24:1', NULL, NULL, NULL, 5, NULL, 7, 7, 1, NULL, '2018-10-10 02:08:43', '2018-10-10 02:08:43', 100, 0, 0, 1, 1, 0, 1, 1, 3, 2),
	(28, 'Mrs. Serena Carter', 'Dr. Ethan Bashirian', 'Voluptatum accusamus sapiente eveniet. Et ea ut officia sint et. Repellendus voluptatibus reprehenderit dolor vitae omnis alias nemo temporibus.', '2018/12/1/Amanda Gottlieb', 'videos/2018/1/1/Savanna Wiegand', NULL, '24:1', '0:1', NULL, NULL, NULL, 1, NULL, 20, 9, 1, NULL, '2018-10-10 02:08:43', '2018-10-10 02:08:43', 100, 0, 0, 0, 1, 0, 0, 0, 3, 2),
	(29, 'Beverly Kassulke', 'Ms. Jessika Gleason', 'Ipsum aut quod enim ab accusantium. Ipsam eius saepe cupiditate tempora et dolorum omnis esse. Maxime dolorem sunt cum qui est voluptatem.', '2018/1/1/Sage Rosenbaum', 'videos/2018/1/30/Prof. Marcus Larkin', NULL, '0:60', '24:60', NULL, NULL, NULL, 1, NULL, 1, 12, 1, NULL, '2018-10-10 02:08:43', '2018-10-10 02:08:43', 200, 0, 0, 0, 0, 1, 1, 0, 0, 2),
	(30, 'Dr. Arturo Streich', 'Darby D\'Amore', 'Sunt velit molestias et omnis. Velit aut nostrum omnis quam optio. Saepe ipsam accusantium voluptas quos velit similique excepturi.', '2018/12/1/Yazmin Langosh', 'videos/2018/1/30/Dallas Langworth', NULL, '24:60', '0:1', NULL, NULL, NULL, 1, NULL, 18, 2, 1, NULL, '2018-10-10 02:08:43', '2018-10-10 02:08:43', 200, 0, 1, 0, 0, 1, 0, 0, 3, 2),
	(31, 'Lilian DuBuque', 'Prof. Gunnar Wilderman', 'Vero et non est adipisci ex ut quia veniam. Possimus id voluptatibus cupiditate ducimus repellat rerum. Illo quae sed voluptas. Rerum quos fugiat quas error minima aperiam cum.', '2018/12/1/Alvah Runolfsdottir', 'videos/2018/12/30/Monte DuBuque IV', NULL, '0:60', '24:1', 'Nam impedit est consectetur. Eius et nam alias quod debitis. Esse quo ut qui et. Dicta dolor placeat provident ut veritatis officiis dignissimos.', 'Possimus et adipisci fugiat facere quis enim iste officiis. Voluptates error quam quia quisquam earum. Voluptatem voluptas non dolorum ducimus.', 'Ipsum quod doloribus ut architecto vitae cupiditate minima. Placeat reprehenderit in consequatur omnis sed velit. Velit soluta ratione ex ipsa et eos provident facere. Sint totam ea non itaque.', 1, 'Ut qui sunt aut rerum eaque voluptatibus. Itaque maxime tempora aliquid ut sunt. Omnis dolorem quia impedit rerum incidunt nobis illo. Necessitatibus quia consequatur sequi.', 5, 12, 1, NULL, '2018-10-10 02:08:43', '2018-10-10 02:08:43', 200, 0, 1, 0, 0, 1, 0, 1, 0, 1),
	(32, 'Lavonne Kutch', 'Katelyn Koch', 'Quos ipsam molestias rem dolorem enim. Saepe officia est ullam eos odit. Iste ea voluptatum facilis.', '2018/12/1/Noah Watsica', 'videos/2018/12/30/Dr. Berta Anderson', NULL, '24:1', '24:1', 'Et id sapiente nobis porro. Ad voluptates nesciunt at dolores illo quia quis harum. Et nesciunt earum explicabo itaque quisquam quia fugit. Placeat dolorem veniam ut assumenda.', 'Tempore suscipit quisquam fuga voluptatem vel. Iure labore est doloremque nostrum atque accusamus recusandae.', 'Quia molestiae aut est magnam. Doloremque aperiam dolores quia vel recusandae. Et alias modi quo minus ducimus culpa molestiae. Voluptatem omnis aut aut est. Architecto nisi sed quisquam sunt.', 1, 'Rerum quisquam eaque tempora porro. Officia pariatur quidem earum et voluptas explicabo. Reiciendis ut optio itaque commodi ipsam vero fugit. Quasi optio accusamus et rerum nihil ut quibusdam.', 1, 4, 1, NULL, '2018-10-10 02:08:43', '2018-10-10 02:08:43', 100, 0, 1, 0, 0, 0, 1, 0, 3, 1),
	(33, 'Cameron Cruickshank', 'Aliyah Mertz', 'Provident est nulla quaerat eveniet. Neque quia et ipsa sed. Alias culpa natus corrupti. Occaecati consequatur repudiandae delectus officiis consequatur quaerat.', '2018/12/30/Prof. Kiel Cruickshank', 'videos/2018/1/1/Aylin Torp PhD', NULL, '24:1', '24:60', 'Aut sequi perspiciatis fugiat culpa voluptatibus ut. Aperiam sit qui qui atque aliquid fugiat fugit. Error autem a eveniet. Labore autem quo similique laboriosam esse placeat libero.', 'Ut molestias voluptatum cum quo dolor. Eum et voluptatem delectus perferendis occaecati. Est ab non dolor cum et suscipit ab. Tempora et deleniti excepturi sit.', 'Repellat consequatur voluptas doloremque natus harum. Dolor officia impedit vero quam sit sequi pariatur. Qui non expedita ut.', 5, 'Quasi delectus reiciendis debitis sapiente voluptas. Rerum sapiente veniam voluptates voluptatibus. Iusto aliquam perspiciatis at sed voluptas.', 17, 5, 1, NULL, '2018-10-10 02:08:43', '2018-10-10 02:08:43', 100, 0, 0, 0, 0, 0, 1, 0, 3, 1),
	(34, 'Vallie Mohr II', 'Jovani Roob', 'Tempore sunt impedit possimus asperiores ab et dolorum dolore. Molestiae consectetur accusantium qui rerum omnis quod mollitia. Ut aut harum sunt enim.', '2018/1/1/Adriel Gutkowski', 'videos/2018/1/30/Johnny Trantow', NULL, '24:60', '0:60', NULL, NULL, NULL, 5, NULL, 14, 12, 1, NULL, '2018-10-10 02:08:43', '2018-10-10 02:08:43', 100, 0, 1, 1, 0, 1, 1, 0, 0, 2),
	(35, 'Mr. Monty Jenkins PhD', 'Catharine Reichert', 'Sint aut voluptates quisquam quia. Tempore et exercitationem quis nihil voluptatem enim non. Nihil dolorem dolor cum sit.', '2018/12/30/Jasen Heller', 'videos/2018/12/30/Myles Deckow', NULL, '0:60', '0:1', 'Odio voluptatibus placeat laborum quasi voluptate saepe repellat. Et nulla qui id consectetur. Voluptatem totam velit qui ut nostrum consectetur. Eius voluptatem laudantium maxime eos.', 'Doloribus maiores officiis quos eos cupiditate aspernatur ut. Adipisci sed exercitationem assumenda quia sit ex sequi voluptatibus.', 'Ea non aut soluta omnis fuga numquam. Provident tempore nihil ad ut. Minima dicta maiores aut neque et qui nulla.', 1, 'Soluta reprehenderit vitae fuga omnis repellendus blanditiis. Voluptatibus sunt sit ad molestiae nisi. In tenetur ut quasi sequi.', 14, 8, 1, NULL, '2018-10-10 02:08:43', '2018-10-10 02:08:43', 100, 0, 1, 0, 0, 0, 1, 1, 0, 1),
	(36, 'Eugenia Treutel', 'Humberto Anderson DVM', 'Est eum iste temporibus itaque et vel aut dolorum. Nobis amet debitis sed neque. Dolores aliquam delectus est quis explicabo omnis nobis. Dolor fuga ea suscipit nulla autem fuga et.', '2018/1/30/Alivia Koepp', 'videos/2018/12/1/Haylie King', NULL, '24:1', '0:60', NULL, NULL, NULL, 1, NULL, 4, 2, 1, NULL, '2018-10-10 02:08:43', '2018-10-10 02:08:43', 100, 0, 0, 0, 0, 0, 1, 0, 3, 2),
	(37, 'Alice Will', 'Prof. Marlon Watsica', 'Pariatur at deserunt et quas. Non minus cum non dolorem fuga. Animi dolore delectus saepe qui repudiandae quos.', '2018/12/1/Joanny Greenholt', 'videos/2018/1/30/Mac Stokes', NULL, '0:60', '0:60', NULL, NULL, NULL, 5, NULL, 12, 9, 1, NULL, '2018-10-10 02:08:43', '2018-10-10 02:08:43', 100, 0, 1, 1, 1, 1, 0, 1, 3, 2),
	(38, 'Liza Bruen', 'Jadon Lynch', 'Dolorem unde maiores eum accusantium. Temporibus veritatis occaecati est laudantium in. Nisi reiciendis cum dolore voluptas aut consequatur consequatur. Non assumenda suscipit distinctio porro.', '2018/12/30/Karianne Stroman', 'videos/2018/12/1/Izabella Koss', NULL, '0:60', '0:1', 'At voluptas adipisci placeat maiores aperiam quis a. Voluptate quam fugit eius fugiat soluta est sunt. Eos et numquam dolor itaque mollitia consectetur distinctio.', 'Asperiores officia ab magni nobis enim culpa alias. Et exercitationem rerum doloremque voluptas. Sed numquam dolore atque ipsa omnis laboriosam veniam et.', 'Quisquam ut voluptatum ut sit. Neque eius dolor ut vel aut eum quae. Rerum nesciunt aperiam iste omnis.', 5, 'Totam aut ipsum vel. Eos corporis ea placeat quam nostrum doloribus numquam quidem. Enim asperiores dolore doloremque totam dolorem nihil.', 15, 17, 1, NULL, '2018-10-10 02:08:43', '2018-10-10 02:08:43', 100, 0, 1, 0, 0, 0, 1, 0, 3, 1),
	(39, 'Desiree VonRueden', 'Mrs. America Olson III', 'Modi quibusdam corporis molestias et tenetur sapiente praesentium. Nesciunt harum et aperiam nostrum voluptas quo. Ad molestiae aliquid dolore id facere.', '2018/12/1/Dr. Angie Leannon Sr.', 'videos/2018/1/1/Elmer Greenholt', NULL, '0:1', '0:60', 'Sit ut nulla quam ullam et. Hic qui nobis iste voluptas.', 'Perspiciatis ullam quia quis in consectetur nostrum. Natus beatae est ut et facilis nemo. Et a et harum et.', 'Delectus perspiciatis aut sit. Provident adipisci dolorum dolorum doloremque aliquid sint excepturi. Dolorum voluptas officiis fugit ipsam error. Harum vel consequuntur dolorem alias.', 5, 'Voluptatibus deserunt exercitationem rerum voluptatem a. Quisquam dignissimos commodi quia facilis expedita vero explicabo. Est sint aspernatur qui adipisci corrupti.', 2, 2, 1, NULL, '2018-10-10 02:08:43', '2018-10-10 02:08:43', 200, 0, 0, 0, 0, 1, 0, 1, 3, 1),
	(40, 'Loren Emard', 'Kayla Bernhard', 'Dicta fugiat sit iste est placeat eos. Molestiae ratione voluptatibus sequi repudiandae aliquid pariatur. Ipsa qui id placeat debitis iste quia ratione.', '2018/1/1/Albert Dicki', 'videos/2018/12/1/Emmanuelle Cole', NULL, '24:1', '0:60', 'Laborum minus sit fugiat repellat. Et reprehenderit saepe deleniti deleniti quae veniam dolorum. Porro a rerum non nemo laborum non aut.', 'Esse quod dolores id temporibus ut consequuntur maiores. Molestiae unde vel nesciunt porro. Quia voluptas aut dicta voluptas sit commodi.', 'Saepe officia velit sit praesentium aut exercitationem. Quia et amet voluptate laborum. Eligendi vel velit officia porro ab. Impedit nostrum dignissimos culpa sit rerum reiciendis.', 1, 'Quidem earum ea earum laborum unde voluptatem ea. Vero dolorem quisquam voluptas ex aliquid maxime et. Vel quae fugit ut dolores. Distinctio est et et quo omnis.', 6, 7, 1, NULL, '2018-10-10 02:08:43', '2018-10-10 02:08:43', 100, 0, 0, 0, 0, 1, 1, 0, 0, 1),
	(41, 'Adelle Gaylord', 'Elva Keebler', 'Et voluptates aperiam quisquam nulla qui. Fugiat et aut quibusdam explicabo. Sequi velit voluptatem voluptatem recusandae. Quaerat qui fugit aut sed expedita cupiditate ipsa.', '2018/1/1/Prof. Margarita Hilpert', 'videos/2018/12/1/Quentin Rolfson', NULL, '0:1', '0:60', 'Rerum nam quis provident libero. Velit et sed saepe maiores at nisi doloribus. Fugit nihil quia nihil aut id voluptates nulla itaque. Voluptatem rerum eum inventore quia sunt velit.', 'Et debitis optio dolores delectus sint culpa odio sequi. Sequi labore quia consequatur voluptate similique eum voluptas. Ut laudantium ullam error autem. Totam debitis aut alias impedit.', 'In est facilis necessitatibus neque qui voluptas laudantium. Explicabo a esse autem fugit eos cumque. Vitae soluta et eum et hic doloribus at.', 5, 'Iure nihil voluptas voluptas earum recusandae laudantium. Maiores impedit nam qui quis id natus. Beatae qui quod laborum ut non sed. Qui pariatur non illum sunt.', 17, 18, 1, NULL, '2018-10-10 02:08:43', '2018-10-10 02:08:43', 100, 0, 0, 1, 1, 0, 0, 0, 0, 1),
	(42, 'Mrs. Gail Yost', 'Craig O\'Reilly', 'Eligendi eum quos nulla delectus itaque. Ut rerum quia voluptatum nemo. Adipisci sapiente odio cupiditate corporis sint vero. Deleniti deserunt modi nam sed qui alias.', '2018/12/30/Ray Hamill', 'videos/2018/1/30/Ransom Cormier', NULL, '0:1', '0:60', 'Nobis quod animi voluptate sint facere quia eum. Rem cum quae nemo in beatae totam. Delectus natus eligendi maiores ut.', 'Consectetur illo et repudiandae eos. Recusandae dolores eum harum hic eligendi non.', 'Quam repudiandae doloremque optio. Doloribus labore eum quia voluptatum vel. Commodi veniam autem et dolores eum. Quo quidem qui voluptatem similique quod laboriosam ut eos.', 1, 'Et nesciunt facere soluta. Dignissimos sint velit pariatur quia odit laboriosam. Deleniti sit omnis consequuntur ipsam ex nobis voluptatem.', 1, 8, 1, NULL, '2018-10-10 02:08:43', '2018-10-10 02:08:43', 100, 0, 1, 1, 0, 1, 1, 1, 3, 1),
	(43, 'Evert Jaskolski', 'Abraham Ritchie', 'Exercitationem quo non enim placeat ea adipisci. Tenetur ut quia quod ut. Quia odit quia quia sunt rerum. Sint iste voluptate quibusdam ad.', '2018/1/1/Emile Ebert', 'videos/2018/1/30/Maynard Gutkowski PhD', NULL, '0:1', '0:60', NULL, NULL, NULL, 1, NULL, 19, 20, 1, NULL, '2018-10-10 02:08:43', '2018-10-10 02:08:43', 100, 0, 0, 0, 0, 1, 1, 0, 3, 2),
	(44, 'Miss Elisa Nitzsche Sr.', 'Elvera Jerde', 'Sed nihil facere nihil officia qui soluta dolorem. Distinctio et dolor fugiat culpa voluptas voluptas. Consequatur dolor consectetur eum expedita vitae qui provident totam.', '2018/1/30/Fernando Cremin', 'videos/2018/1/1/Kasey Kemmer', NULL, '24:60', '0:1', 'Magni amet consequatur voluptate quia sequi ex cumque. Aut praesentium animi at est. Beatae est rerum ipsa quas non eveniet iste perferendis. In quam alias quisquam voluptatem atque repellat hic.', 'Sed aut placeat possimus fugiat provident necessitatibus veritatis. Fugiat voluptas in eum. Qui quam iste ut iste rerum voluptatem aliquam.', 'Illo aspernatur inventore enim dignissimos omnis ut. Vitae voluptates omnis soluta incidunt. Vero aut numquam sed.', 5, 'Eos illum veniam in accusamus maxime. Totam nostrum reiciendis doloremque dicta reiciendis laudantium nesciunt rerum.', 18, 7, 1, NULL, '2018-10-10 02:08:43', '2018-10-10 02:08:43', 100, 0, 0, 1, 1, 0, 0, 0, 3, 1),
	(45, 'Karlie Witting MD', 'Melissa Gibson', 'Corporis non rerum laudantium tenetur reiciendis omnis dolorum. Dignissimos aut similique sunt ut.', '2018/1/1/Mr. Buck Buckridge IV', 'videos/2018/12/1/Margaret Goodwin', NULL, '0:60', '24:60', NULL, NULL, NULL, 5, NULL, 13, 3, 1, NULL, '2018-10-10 02:08:43', '2018-10-10 02:08:43', 100, 0, 0, 0, 0, 1, 1, 0, 3, 2),
	(46, 'Patsy McGlynn', 'Keely Zemlak', 'Repudiandae modi quis voluptatem repellat consequuntur praesentium. Veniam molestiae sed et cumque molestias. Ab culpa at sapiente. Provident nobis quam expedita.', '2018/12/1/Keira Kessler', 'videos/2018/12/30/Sydnee Baumbach', NULL, '24:1', '24:1', NULL, NULL, NULL, 1, NULL, 13, 19, 1, NULL, '2018-10-10 02:08:43', '2018-10-10 02:08:43', 100, 0, 0, 1, 1, 0, 0, 1, 3, 2),
	(47, 'Dr. Keven Moen', 'Mr. Frank Murphy Jr.', 'Quaerat tempore qui impedit ipsam explicabo. At ipsam voluptatem sed provident corporis dolorem ea. Et debitis temporibus aut quas dolorem quo neque optio. Est et tempora inventore rem.', '2018/1/30/Brennon Welch', 'videos/2018/12/30/Allie Jakubowski MD', NULL, '24:1', '0:1', NULL, NULL, NULL, 5, NULL, 20, 10, 1, NULL, '2018-10-10 02:08:43', '2018-10-10 02:08:43', 200, 0, 1, 0, 0, 1, 0, 1, 3, 2),
	(48, 'Krystal Leffler', 'Lazaro O\'Hara DVM', 'Velit est accusamus minima voluptatem consequatur quam veniam. Omnis modi eum ut. Vel ullam sequi saepe aperiam in accusantium incidunt.', '2018/1/30/Moriah Cronin', 'videos/2018/12/30/Nelson Hessel', NULL, '0:1', '24:60', 'Impedit et modi veniam eos eum ducimus. Commodi fuga occaecati repudiandae non sed facere. Amet est aspernatur assumenda sapiente. Id dicta et quo quam et.', 'Aliquam veniam et labore sunt nihil animi dolorem. Tempore sequi dolores similique aut libero ipsa.', 'Deleniti aut odit impedit maxime fugiat maiores. Corrupti et ut nemo qui. Minima atque voluptas vero velit.', 5, 'Autem sed modi voluptatem suscipit occaecati nesciunt fugiat. Eos sit praesentium ipsum non. Sit nihil error dolorum quo unde eum. Deserunt voluptates quidem soluta laudantium autem aut.', 4, 16, 1, NULL, '2018-10-10 02:08:43', '2018-10-10 02:08:43', 100, 0, 0, 0, 0, 1, 0, 1, 0, 1),
	(49, 'Carlo Hahn', 'Dr. Hipolito Robel IV', 'Voluptates autem consectetur dolorum omnis et non. Eum explicabo voluptatem corporis sunt. Minima rerum esse occaecati et cumque.', '2018/12/30/Dr. Lilla Reynolds Sr.', 'videos/2018/1/30/Mr. Willis Stoltenberg', NULL, '0:1', '0:1', NULL, NULL, NULL, 1, NULL, 5, 17, 1, NULL, '2018-10-10 02:08:43', '2018-10-10 02:08:43', 200, 0, 0, 0, 1, 1, 0, 1, 0, 2),
	(50, 'Kennedy Farrell', 'Emile Macejkovic', 'Inventore quo quam ut. Veniam officiis ut architecto corrupti. Natus ipsam ducimus nam autem.', '2018/1/1/Miss Eldridge Monahan IV', 'videos/2018/1/1/Sibyl Kling', NULL, '24:60', '24:1', NULL, NULL, NULL, 5, NULL, 18, 5, 1, NULL, '2018-10-10 02:08:43', '2018-10-10 02:08:43', 200, 0, 1, 0, 0, 1, 0, 0, 3, 2);
/*!40000 ALTER TABLE `items` ENABLE KEYS */;

-- Dumping structure for table bepnha_update2.login_users
CREATE TABLE IF NOT EXISTS `login_users` (
  `uuid` varchar(16) NOT NULL,
  `name` varchar(50) NOT NULL
) ENGINE=InnoDB DEFAULT CHARSET=utf8;

-- Dumping data for table bepnha_update2.login_users: ~400 rows (approximately)
/*!40000 ALTER TABLE `login_users` DISABLE KEYS */;
INSERT INTO `login_users` (`uuid`, `name`) VALUES
	('102667f6846f6d91', '0'),
	('1111', '0'),
	('11111', '0'),
	('11770778728821e1', '0'),
	('11c2fa2772206ee5', '0'),
	('11f83cfcae92630d', '0'),
	('125f890a08eef641', '0'),
	('1314ab6791b23eac', '0'),
	('15a17fba76e6ae51', '0'),
	('15c5da3303fa5053', '0'),
	('15e5e793345181f8', '0'),
	('16c4f46f15e80e0a', '0'),
	('185da172995c221a', '0'),
	('18721773e3033a85', '0'),
	('18e6a9046d93c78f', '0'),
	('19eb6154d341bab', '0'),
	('1a819a0bdf4367ee', '0'),
	('1cffea9920ac2ec', '0'),
	('1f464109f794e7c1', '0'),
	('21b926657eea7c4c', '0'),
	('22803462dd59fc47', '0'),
	('2314ff5ce64d404f', '0'),
	('237d9476f7727e82', '0'),
	('25268520056074c9', '0'),
	('257e32a15f261736', '0'),
	('25d25c1e38b9b9c8', '0'),
	('25da64f625fc369', '0'),
	('261e60c5846931c5', '0'),
	('2750046caed5c778', '0'),
	('279bbd97cdd8606d', '0'),
	('28b56abd0cfb34cd', '0'),
	('2925825bbe8fd4a3', '0'),
	('29541868ce6c94a5', '0'),
	('29a9e2745c758f52', '0'),
	('29f8b2d83836faf1', '0'),
	('2a9464ba54cffce6', '0'),
	('2abaaa5d8e25375a', '0'),
	('2ad0a5da6eaf05fb', '0'),
	('2b0cc96b75155e7d', '0'),
	('2ba1e5a808aca62c', '0'),
	('2c2783af8834432e', '0'),
	('2c571a0437dc8286', '0'),
	('2ce3968c6012d375', '0'),
	('2dd10e027d7c9020', '0'),
	('2de96130b21d4517', '0'),
	('2eb18a295b31b6fb', '0'),
	('2f20226bc63453d2', '0'),
	('2f2619120aa9e3d6', '0'),
	('2f30714dc8f24936', '0'),
	('3', '0'),
	('3296f009ab6833f9', '0'),
	('32a43fa9de34ad0a', '0'),
	('33ee0d902fad84d2', '0'),
	('33f1cdb1fb6a2c8', '0'),
	('3514ca6c2f1e72e4', '0'),
	('3571dca442f5351f', '0'),
	('3608bd9223738aa9', '0'),
	('368fcee996b84e6f', '0'),
	('37ee5db22cb40b8a', '0'),
	('38e6f60876befe50', '0'),
	('38ebdb27f25522f2', '0'),
	('393c5897868b7d1c', '0'),
	('398fb82bc0197d77', '0'),
	('39b0781c66ad545b', '0'),
	('39ba2d3650fd102c', '0'),
	('39c951ff3025b40a', '0'),
	('39ce9e0e6c29b324', '0'),
	('3b26b146c2175a61', '0'),
	('3c6bb64dd2dda7e7', '0'),
	('3ce304aa27bf27e7', '0'),
	('3e2e34a616cfb2e5', '0'),
	('3e34049fa2461c0e', '0'),
	('3f82737947aa6fd1', '0'),
	('3fe1e5df14bd148d', '0'),
	('401ce2ec83acde4f', '0'),
	('40acfaa41851d61a', '0'),
	('40e8e7006a7e44a', '0'),
	('41700b82ac7713aa', '0'),
	('4175d0208021c5f3', '0'),
	('418f73066c4472e6', '0'),
	('41c15eee5f09452b', '0'),
	('41edb8d3da59c1b', '0'),
	('438b6e4120c71f3e', '0'),
	('43edb94fc0bb6775', '0'),
	('44259c27a96f1030', '0'),
	('443c6d37906a8c4e', '0'),
	('4493677bb02a85f', '0'),
	('453db5f71ce40ed6', '0'),
	('4658667a7a74215a', '0'),
	('46dcb54e256f01db', '0'),
	('473b499f607bdb1f', '0'),
	('4906dc89e0e09202', '0'),
	('49d901e448b836d1', '0'),
	('4aca84a488410cb7', '0'),
	('4b328d5a757225ab', '0'),
	('4b410b371ebd01b', '0'),
	('4bb1fabed12d7772', '0'),
	('4bec3e7ad7b677d1', '0'),
	('4c13f1239c1df692', '0'),
	('4c8337efcfcde1d4', '0'),
	('4c85b6b62fda3fd4', '0'),
	('4ccfe50a216c7ea6', '0'),
	('4d2a844376868752', '0'),
	('4d31290e956bb981', '0'),
	('4d897066fda57625', '0'),
	('4e1e4e4081600363', '0'),
	('4feeb19c5ae9d765', '0'),
	('505b861012527271', '0'),
	('513ca7816347a902', '0'),
	('517d2445883a5ae8', '0'),
	('523ecf25b94c446a', '0'),
	('52576b76da33404e', '0'),
	('52985b0fc6d65ec6', '0'),
	('52c31d7e67af89be', '0'),
	('5307d76d6ebb6f85', '0'),
	('539150cf880b61d8', '0'),
	('539de3dc77624b8b', '0'),
	('53c5c44f08c2f96d', '0'),
	('545cfaa1d923542e', '0'),
	('54ac79bbbd68f06f', '0'),
	('556f211fccc9deeb', '0'),
	('56bc7c21f23b9d63', '0'),
	('56e27edb61fb764e', '0'),
	('573e52992524db29', '0'),
	('577ed96bc010c27e', '0'),
	('5943b4044beff095', '0'),
	('59702e5dc279bd3', '0'),
	('597fef9c229fc4ff', '0'),
	('59d678cb19a57431', '0'),
	('59e736fb1c1daa28', '0'),
	('5a2aef7e05d759c7', '0'),
	('5aebeaa8600562ac', '0'),
	('5b7dee3e8dbd569e', '0'),
	('5ebff074c035554f', '0'),
	('5f0818aab2f2097f', '0'),
	('5f144e6ddc0d4b8e', '0'),
	('60d077ba0ade8bcc', '0'),
	('60d155c193c04289', '0'),
	('623496e1e15724e1', '0'),
	('641853cc3e6c384d', '0'),
	('643c635677b13b0e', '0'),
	('650030ef961c995', '0'),
	('65682f03954133ad', '0'),
	('661d09a5ffabdb55', '0'),
	('6637b2107cabbf97', '0'),
	('668449ff3cf084eb', '0'),
	('673085fb90c9bc18', '0'),
	('6771114c2386b947', '0'),
	('6783fb18925c10b3', '0'),
	('67b6c423b6c562c6', '0'),
	('692f9f260f0d2fb7', '0'),
	('693077f74f0200e', '0'),
	('697702f88ce24265', '0'),
	('6a944371f1aaac35', '0'),
	('6ab23db94ae984e6', '0'),
	('6ab5756778db693e', '0'),
	('6b90dff5414ad21c', '0'),
	('6b973f004ce03bf1', '0'),
	('6ccbb9ab8c4db0bb', '0'),
	('6df30b6029e3253c', '0'),
	('6e3b2771ed2c845e', '0'),
	('6efbe280a767f12c', '0'),
	('70452eba46925471', '0'),
	('719a17fcb5aacb4b', '0'),
	('71b2764862ee0005', '0'),
	('7271dee29e6a01f8', '0'),
	('7279f43f0aa3052', '0'),
	('7349045e5409032a', '0'),
	('734fd7cd233ff567', '0'),
	('73691baa7fdc0568', '0'),
	('7387726054d09800', '0'),
	('73b2237ce8f4b540', '0'),
	('73f06a02d7170b59', '0'),
	('75d238805789aeb2', '0'),
	('76fd3717a622ff8b', '0'),
	('771b94fbcc050bc6', '0'),
	('77a19f96c9e495e8', '0'),
	('78431de7e4ca6c31', '0'),
	('788f9cf879655da4', '0'),
	('791ab6ecf08937b5', '0'),
	('79c1f575ead68367', '0'),
	('7c09eab3af57f49e', '0'),
	('7c5f6f87ffc16a8a', '0'),
	('7cc0cce216985b22', '0'),
	('7d074e13f0721582', '0'),
	('7e6fd64ed2018180', '0'),
	('7ea9e215787b4395', '0'),
	('8110b9d2b0ac0694', '0'),
	('814d24384ec02b22', '0'),
	('828116f321fd412b', '0'),
	('832d9b4c6dc37597', '0'),
	('839b222f3d7c27b9', '0'),
	('85bbcea9251f53f9', '0'),
	('85d8a00ae472e4c7', '0'),
	('875f54f52013e4d2', '0'),
	('886877450a2c2145', '0'),
	('88ac2fe6c53370d4', '0'),
	('8960a1cd354f387c', '0'),
	('89e5ae736e5bf286', '0'),
	('8a5919d61a51ace6', '0'),
	('8b162774f0d4a6b9', '0'),
	('8b2a68162492cd60', '0'),
	('8c03ce5f53dfcf42', '0'),
	('8c95e95f3a67602c', '0'),
	('8d52c860e7c6a8f4', '0'),
	('8db8533177f43841', '0'),
	('8f2c18eab3df7b28', '0'),
	('9079cc764624ef1', '0'),
	('90850dfa5a6d5fed', '0'),
	('90ff7e870fa1c2ac', '0'),
	('916a6b1d69ae16fc', '0'),
	('91af58d82b7db24b', '0'),
	('939de627fa67dc8', '0'),
	('944a815b86a30195', '0'),
	('967a98ff5afdb2ec', '0'),
	('96cea3bcab3f870d', '0'),
	('96f8bfb6eff9e514', '0'),
	('9803e713315000dc', '0'),
	('989c98db161658d7', '0'),
	('98adc6ff4a8f72e6', '0'),
	('999e9f360f12059f', '0'),
	('9a3042703944a7ad', '0'),
	('9afd2031123597c', '0'),
	('9ba2bac1da5a5a90', '0'),
	('9c19627a095f256b', '0'),
	('9c39c697bf8131a', '0'),
	('9c3febf91e5c61ad', '0'),
	('9d0b7b3f7ceca902', '0'),
	('9e2cfe9564d5cf22', '0'),
	('9e66aff31076ffb0', '0'),
	('9f2c0a3bfb82fb4c', '0'),
	('9f4c405477510c52', '0'),
	('9f52e97169ca851f', '0'),
	('a21f3ce0662083c5', '0'),
	('a2fbe703b5e82935', '0'),
	('a37cbe0e5ee8e4bf', '0'),
	('a506f2816c12edf', '0'),
	('a5832cbbcd88884d', '0'),
	('a60447dfcd45908c', '0'),
	('a63e979a4c819f3a', '0'),
	('a6b8919b04f343af', '0'),
	('a75ff5ee314f429b', '0'),
	('a8565831c68b19fc', '0'),
	('a88a2974358001bd', '0'),
	('a9714ad62d6bbe53', '0'),
	('a9ccd3f0eff28829', '0'),
	('aa209020fbccd5d5', '0'),
	('aa53d3a747385f30', '0'),
	('aa9037df78f9123e', '0'),
	('aac1073b88205492', '0'),
	('ab31d6b2a79c359b', '0'),
	('abbd694f2ecf91c', '0'),
	('acb2449c3d75bdec', '0'),
	('aeb35a7615172b29', '0'),
	('af511147cdc3efc', '0'),
	('afae784d1502594d', '0'),
	('afe057ab37c6307c', '0'),
	('afee64077ead632f', '0'),
	('b003c2b6222fc09d', '0'),
	('b0858645b616935d', '0'),
	('b0919e20b0696ea8', '0'),
	('b1dc0634f523fcee', '0'),
	('b2562a4c69465e6c', '0'),
	('b28dc386ec3d7f56', '0'),
	('b2bc5ea9dfadd7f8', '0'),
	('b2ebe0a5213d4bf1', '0'),
	('b391494bc9166210', '0'),
	('b39d87b5c9d4732f', '0'),
	('b3c5ff152a51cd21', '0'),
	('b4049464c032fc3e', '0'),
	('b51720df83f580b5', '0'),
	('b66302522cbbd544', '0'),
	('b7f0330bd68e0751', '0'),
	('b82f45a6c27f59a6', '0'),
	('b83ee1cd11bb01a7', '0'),
	('b84b3f3cb4c3bdf3', '0'),
	('b8756246c7323eb7', '0'),
	('b9591cb1a7e7fa7e', '0'),
	('ba3a57f87d267168', '0'),
	('bae69e4483f0afc4', '0'),
	('bafaa7e00188df20', '0'),
	('bb4703de89493668', '0'),
	('bc3283dbb7a6023c', '0'),
	('bc5a3e295c74e71c', '0'),
	('bc93cf2c6b2d207', '0'),
	('bd17aaa7275a125b', '0'),
	('bd468577438382e5', '0'),
	('bd6c04e80fbf84c', '0'),
	('bdd65c373a9ea309', '0'),
	('be840577ec156342', '0'),
	('bf3db00e4ca475e5', '0'),
	('bf70ab613bae0eae', '0'),
	('bf8abb94be741a5a', '0'),
	('bf9e91a764f4b3ad', '0'),
	('c050236056ecd55f', '0'),
	('c25861ee9954ac5f', '0'),
	('c333a1bcd49b8564', '0'),
	('c3575104847c91ed', '0'),
	('c35d43f43cd7b3e2', '0'),
	('c35fd67461e0d6d', '0'),
	('c368b81d95043c', '0'),
	('c3bdeabcc16bfa1b', '0'),
	('c3cb819f543a89fa', '0'),
	('c4f2102952f22a59', '0'),
	('c5aeb2e4cbea00db', '0'),
	('c600bf33000cffde', '0'),
	('c6c64f2a5950b98c', '0'),
	('c748bdf40fd75d21', '0'),
	('c78bb65d2f080fdd', '0'),
	('c91b776e88e51db3', '0'),
	('cba1eef94d050f5a', '0'),
	('cce35a75f9ba13f1', '0'),
	('cd19be6dc2964488', '0'),
	('cd3dadd8a5368b47', '0'),
	('cd8982adcc90f64f', '0'),
	('cda1b7f136c1a058', '0'),
	('cdb747b09e1e1355', '0'),
	('cdb9c0298fffef2c', '0'),
	('ce2d7553b6bc8ab4', '0'),
	('ceaf33b84b1561b2', '0'),
	('d046c139bda95d74', '0'),
	('d0531419d3a599fe', '0'),
	('d0bfe2ae4c99056b', '0'),
	('d18a20a3fd012819', '0'),
	('d19315d1ac136f0f', '0'),
	('d198da1ee05f2cb7', '0'),
	('d1e6a62aed52c1c1', '0'),
	('d2c7e224a368f6cf', '0'),
	('d3bd6c3775efdcf8', '0'),
	('d425756619107fa9', '0'),
	('d47195ab36b2a904', '0'),
	('d52b79185f299bad', '0'),
	('d7f938a583fb7598', '0'),
	('d8268f5d2472dcb7', '0'),
	('db5a8737b67960a5', '0'),
	('dbf06a5c83f4033b', '0'),
	('dc0e4e1d32b380a', '0'),
	('ddaf149f2894dfca', '0'),
	('de20a16e9f7a110c', '0'),
	('dea13460ec39f15c', '0'),
	('dec32521f8eeaef3', '0'),
	('df4b4214b61d7248', '0'),
	('e0d87667b44ee353', '0'),
	('e11c05a9ae862c6b', '0'),
	('e153465bda090f7c', '0'),
	('e355591157bd27cb', '0'),
	('e468fc82c80224d9', '0'),
	('e4b648f87fa70c69', '0'),
	('e4bcc26d46411bc3', '0'),
	('e51869c5f74aadda', '0'),
	('e575bf2ce0998f84', '0'),
	('e5e581b33d43def3', '0'),
	('e62acd3e073e583a', '0'),
	('e65c8b5e292441f3', '0'),
	('e6cc53fc12431589', '0'),
	('e6d2e57dfc695780', '0'),
	('e6f554c482220896', '0'),
	('e71ee8ae2f914c42', '0'),
	('e74ef66c61efd3ef', '0'),
	('e77fd35f3634d9c', '0'),
	('e79ca8717b75136d', '0'),
	('e81653a13f2e1b8f', '0'),
	('e912b22669cc60fb', '0'),
	('e947820a4280891b', '0'),
	('ea95f77d3cdd8e62', '0'),
	('eab405761c68cab4', '0'),
	('ec24087664724f50', '0'),
	('ec63fb8031c3e5a1', '0'),
	('ed0826bd81e61f79', '0'),
	('edf8677dd1565921', '0'),
	('ef3535b1dc61f01a', '0'),
	('ef5699c9b2cd71a2', '0'),
	('ef7461fa1cc9ba08', '0'),
	('f047303632db53ec', '0'),
	('f197e51559472aa7', '0'),
	('f1f73d6e9701acfc', '0'),
	('f2d1c1e0a378ce88', '0'),
	('f33057c8879b3a69', '0'),
	('f341e1bbdeff291e', '0'),
	('f3754b7bb79a8797', '0'),
	('f3ed21b9d446a1f4', '0'),
	('f3f73f4a67a51218', '0'),
	('f494006a7f8fb8bd', '0'),
	('f5efe53a074d00c7', '0'),
	('f6ad75a443e93c23', '0'),
	('f83810e7c52ed0da', '0'),
	('f90365f70665925c', '0'),
	('fa08a853dcb9ed57', '0'),
	('fa2c242eb63bd4b1', '0'),
	('fb1315cbdcc4d21f', '0'),
	('fb1c1339a68e0c45', '0'),
	('fb25b2e657d09175', '0'),
	('fd145ccff181fac0', '0'),
	('fe60697edfa199e3', '0'),
	('fe99ef39c72d8343', '0'),
	('fedcd597079b6502', '0'),
	('fef324cf9db19860', '0'),
	('ff53492b636a25fc', '0'),
	('ffa1e2af905206bf', '0'),
	('qqq', '0');
/*!40000 ALTER TABLE `login_users` ENABLE KEYS */;

-- Dumping structure for table bepnha_update2.log_view
CREATE TABLE IF NOT EXISTS `log_view` (
  `id` int(11) NOT NULL,
  `item_id` int(11) NOT NULL,
  `view_time` date NOT NULL,
  `type` tinyint(4) NOT NULL,
  PRIMARY KEY (`id`),
  KEY `FK_log_view_items` (`item_id`),
  CONSTRAINT `FK_log_view_items` FOREIGN KEY (`item_id`) REFERENCES `items` (`id`)
) ENGINE=InnoDB DEFAULT CHARSET=utf8;

-- Dumping data for table bepnha_update2.log_view: ~37 rows (approximately)
/*!40000 ALTER TABLE `log_view` DISABLE KEYS */;
INSERT INTO `log_view` (`id`, `item_id`, `view_time`, `type`) VALUES
	(1, 4, '2018-09-22', 2),
	(2, 1, '2018-09-23', 1),
	(3, 2, '2018-09-23', 1),
	(4, 2, '2018-09-26', 1),
	(5, 9, '2018-09-26', 2),
	(6, 9, '2018-09-27', 2),
	(7, 6, '2018-09-28', 1),
	(8, 7, '2018-09-29', 1),
	(9, 9, '2018-10-01', 2),
	(13, 5, '2018-10-01', 1),
	(14, 6, '2018-10-01', 1),
	(15, 9, '2018-10-01', 2),
	(17, 9, '2018-10-01', 1),
	(18, 9, '2018-10-01', 2),
	(19, 5, '2018-10-01', 1),
	(22, 2, '2018-09-27', 1),
	(23, 7, '2018-09-27', 1),
	(27, 5, '2018-09-27', 2),
	(28, 107, '2018-09-28', 1),
	(29, 22, '2018-09-28', 2),
	(30, 107, '2018-09-28', 1),
	(31, 22, '2018-09-28', 2),
	(32, 107, '2018-09-28', 1),
	(33, 22, '2018-09-28', 2),
	(34, 22, '2018-09-28', 2),
	(35, 31, '2018-09-28', 2),
	(36, 107, '2018-09-28', 1),
	(37, 107, '2018-09-28', 1),
	(38, 107, '2018-09-28', 1),
	(39, 106, '2018-09-28', 1),
	(40, 106, '2018-09-28', 1),
	(41, 107, '2018-09-28', 1),
	(42, 4, '2018-10-02', 2),
	(43, 1, '2018-10-03', 1),
	(44, 2, '2018-10-04', 1),
	(45, 2, '2018-10-05', 1),
	(46, 25, '2018-10-06', 2);
/*!40000 ALTER TABLE `log_view` ENABLE KEYS */;

-- Dumping structure for table bepnha_update2.migrations
CREATE TABLE IF NOT EXISTS `migrations` (
  `id` int(10) unsigned NOT NULL AUTO_INCREMENT,
  `migration` varchar(255) COLLATE utf8mb4_unicode_ci NOT NULL,
  `batch` int(11) NOT NULL,
  PRIMARY KEY (`id`)
) ENGINE=InnoDB DEFAULT CHARSET=utf8mb4 COLLATE=utf8mb4_unicode_ci;

-- Dumping data for table bepnha_update2.migrations: ~0 rows (approximately)
/*!40000 ALTER TABLE `migrations` DISABLE KEYS */;
/*!40000 ALTER TABLE `migrations` ENABLE KEYS */;

-- Dumping structure for table bepnha_update2.notebook
CREATE TABLE IF NOT EXISTS `notebook` (
  `id` int(11) NOT NULL AUTO_INCREMENT,
  `user_id` varchar(16) DEFAULT NULL,
  `item_id` int(11) NOT NULL,
  `created_at` datetime DEFAULT CURRENT_TIMESTAMP,
  PRIMARY KEY (`id`),
  KEY `FK_notebook_items` (`item_id`),
  CONSTRAINT `FK_notebook_items` FOREIGN KEY (`item_id`) REFERENCES `items` (`id`)
) ENGINE=InnoDB AUTO_INCREMENT=101 DEFAULT CHARSET=utf8;

-- Dumping data for table bepnha_update2.notebook: ~100 rows (approximately)
/*!40000 ALTER TABLE `notebook` DISABLE KEYS */;
INSERT INTO `notebook` (`id`, `user_id`, `item_id`, `created_at`) VALUES
	(1, 'e71ee8ae2f914c42', 30, '2018-10-10 08:54:12'),
	(2, 'c050236056ecd55f', 39, '2018-10-10 08:54:12'),
	(3, '791ab6ecf08937b5', 18, '2018-10-10 08:54:12'),
	(4, '4b328d5a757225ab', 35, '2018-10-10 08:54:12'),
	(5, 'cd8982adcc90f64f', 13, '2018-10-10 08:54:12'),
	(6, '9a3042703944a7ad', 15, '2018-10-10 08:54:12'),
	(7, 'e355591157bd27cb', 17, '2018-10-10 08:54:12'),
	(8, 'b003c2b6222fc09d', 2, '2018-10-10 08:54:12'),
	(9, '19eb6154d341bab', 48, '2018-10-10 08:54:12'),
	(10, '393c5897868b7d1c', 23, '2018-10-10 08:54:12'),
	(11, 'b82f45a6c27f59a6', 43, '2018-10-10 08:54:12'),
	(12, '98adc6ff4a8f72e6', 41, '2018-10-10 08:54:12'),
	(13, 'a60447dfcd45908c', 25, '2018-10-10 08:54:12'),
	(14, '1cffea9920ac2ec', 34, '2018-10-10 08:54:12'),
	(15, '3', 1, '2018-10-10 08:54:12'),
	(16, '16c4f46f15e80e0a', 45, '2018-10-10 08:54:12'),
	(17, 'ff53492b636a25fc', 1, '2018-10-10 08:54:12'),
	(18, '40acfaa41851d61a', 5, '2018-10-10 08:54:12'),
	(19, 'f341e1bbdeff291e', 49, '2018-10-10 08:54:12'),
	(20, 'e81653a13f2e1b8f', 25, '2018-10-10 08:54:12'),
	(21, '9f52e97169ca851f', 46, '2018-10-10 08:54:12'),
	(22, '6a944371f1aaac35', 12, '2018-10-10 08:54:12'),
	(23, '185da172995c221a', 9, '2018-10-10 08:54:12'),
	(24, '7e6fd64ed2018180', 21, '2018-10-10 08:54:12'),
	(25, '6ccbb9ab8c4db0bb', 50, '2018-10-10 08:54:12'),
	(26, 'd425756619107fa9', 33, '2018-10-10 08:54:12'),
	(27, 'c6c64f2a5950b98c', 35, '2018-10-10 08:54:12'),
	(28, '3c6bb64dd2dda7e7', 10, '2018-10-10 08:54:12'),
	(29, 'f197e51559472aa7', 32, '2018-10-10 08:54:12'),
	(30, '4d2a844376868752', 30, '2018-10-10 08:54:12'),
	(31, '73f06a02d7170b59', 7, '2018-10-10 08:54:12'),
	(32, '875f54f52013e4d2', 19, '2018-10-10 08:54:12'),
	(33, 'c050236056ecd55f', 49, '2018-10-10 08:54:12'),
	(34, 'fa2c242eb63bd4b1', 37, '2018-10-10 08:54:12'),
	(35, 'd8268f5d2472dcb7', 27, '2018-10-10 08:54:12'),
	(36, '771b94fbcc050bc6', 38, '2018-10-10 08:54:12'),
	(37, 'e4bcc26d46411bc3', 43, '2018-10-10 08:54:12'),
	(38, 'dea13460ec39f15c', 31, '2018-10-10 08:54:12'),
	(39, '832d9b4c6dc37597', 41, '2018-10-10 08:54:12'),
	(40, 'bf3db00e4ca475e5', 44, '2018-10-10 08:54:12'),
	(41, '4906dc89e0e09202', 11, '2018-10-10 08:54:12'),
	(42, 'e6f554c482220896', 23, '2018-10-10 08:54:12'),
	(43, 'f90365f70665925c', 22, '2018-10-10 08:54:12'),
	(44, '693077f74f0200e', 12, '2018-10-10 08:54:12'),
	(45, 'a2fbe703b5e82935', 11, '2018-10-10 08:54:12'),
	(46, 'edf8677dd1565921', 17, '2018-10-10 08:54:12'),
	(47, 'a2fbe703b5e82935', 21, '2018-10-10 08:54:12'),
	(48, '11770778728821e1', 22, '2018-10-10 08:54:12'),
	(49, 'f3ed21b9d446a1f4', 14, '2018-10-10 08:54:12'),
	(50, 'b9591cb1a7e7fa7e', 26, '2018-10-10 08:54:12'),
	(51, '517d2445883a5ae8', 11, '2018-10-10 08:54:12'),
	(52, '3', 15, '2018-10-10 08:54:12'),
	(53, '2eb18a295b31b6fb', 22, '2018-10-10 08:54:12'),
	(54, '8110b9d2b0ac0694', 17, '2018-10-10 08:54:12'),
	(55, '73b2237ce8f4b540', 31, '2018-10-10 08:54:12'),
	(56, 'd1e6a62aed52c1c1', 28, '2018-10-10 08:54:12'),
	(57, 'd046c139bda95d74', 2, '2018-10-10 08:54:12'),
	(58, 'd1e6a62aed52c1c1', 11, '2018-10-10 08:54:12'),
	(59, 'c6c64f2a5950b98c', 25, '2018-10-10 08:54:12'),
	(60, '38e6f60876befe50', 12, '2018-10-10 08:54:12'),
	(61, '4c13f1239c1df692', 4, '2018-10-10 08:54:12'),
	(62, '9afd2031123597c', 35, '2018-10-10 08:54:12'),
	(63, '11770778728821e1', 24, '2018-10-10 08:54:12'),
	(64, 'bd468577438382e5', 29, '2018-10-10 08:54:12'),
	(65, 'b2562a4c69465e6c', 16, '2018-10-10 08:54:12'),
	(66, '828116f321fd412b', 24, '2018-10-10 08:54:12'),
	(67, '1a819a0bdf4367ee', 43, '2018-10-10 08:54:12'),
	(68, '2f30714dc8f24936', 32, '2018-10-10 08:54:12'),
	(69, '3f82737947aa6fd1', 41, '2018-10-10 08:54:12'),
	(70, 'bae69e4483f0afc4', 30, '2018-10-10 08:54:12'),
	(71, '5307d76d6ebb6f85', 7, '2018-10-10 08:54:12'),
	(72, 'de20a16e9f7a110c', 1, '2018-10-10 08:54:12'),
	(73, '237d9476f7727e82', 27, '2018-10-10 08:54:12'),
	(74, '73b2237ce8f4b540', 2, '2018-10-10 08:54:12'),
	(75, '8db8533177f43841', 40, '2018-10-10 08:54:12'),
	(76, 'c3cb819f543a89fa', 5, '2018-10-10 08:54:12'),
	(77, 'e912b22669cc60fb', 30, '2018-10-10 08:54:12'),
	(78, 'ef3535b1dc61f01a', 26, '2018-10-10 08:54:12'),
	(79, 'e6cc53fc12431589', 36, '2018-10-10 08:54:12'),
	(80, '52c31d7e67af89be', 7, '2018-10-10 08:54:12'),
	(81, 'c333a1bcd49b8564', 41, '2018-10-10 08:54:12'),
	(82, 'd7f938a583fb7598', 9, '2018-10-10 08:54:12'),
	(83, '771b94fbcc050bc6', 34, '2018-10-10 08:54:12'),
	(84, '623496e1e15724e1', 7, '2018-10-10 08:54:12'),
	(85, 'a63e979a4c819f3a', 11, '2018-10-10 08:54:12'),
	(86, '513ca7816347a902', 44, '2018-10-10 08:54:12'),
	(87, 'b2562a4c69465e6c', 34, '2018-10-10 08:54:12'),
	(88, '661d09a5ffabdb55', 41, '2018-10-10 08:54:12'),
	(89, '1314ab6791b23eac', 6, '2018-10-10 08:54:12'),
	(90, 'd52b79185f299bad', 42, '2018-10-10 08:54:12'),
	(91, 'a88a2974358001bd', 47, '2018-10-10 08:54:12'),
	(92, 'd046c139bda95d74', 6, '2018-10-10 08:54:12'),
	(93, 'f197e51559472aa7', 42, '2018-10-10 08:54:12'),
	(94, '7c5f6f87ffc16a8a', 50, '2018-10-10 08:54:12'),
	(95, 'dec32521f8eeaef3', 5, '2018-10-10 08:54:12'),
	(96, 'b0858645b616935d', 16, '2018-10-10 08:54:12'),
	(97, 'f341e1bbdeff291e', 28, '2018-10-10 08:54:12'),
	(98, 'bc3283dbb7a6023c', 26, '2018-10-10 08:54:12'),
	(99, 'e74ef66c61efd3ef', 38, '2018-10-10 08:54:12'),
	(100, 'bd6c04e80fbf84c', 34, '2018-10-10 08:54:12');
/*!40000 ALTER TABLE `notebook` ENABLE KEYS */;

-- Dumping structure for table bepnha_update2.session
CREATE TABLE IF NOT EXISTS `session` (
  `id` int(11) NOT NULL AUTO_INCREMENT,
  `name` varchar(250) NOT NULL,
  PRIMARY KEY (`id`)
) ENGINE=InnoDB AUTO_INCREMENT=5 DEFAULT CHARSET=utf8;

-- Dumping data for table bepnha_update2.session: ~4 rows (approximately)
/*!40000 ALTER TABLE `session` DISABLE KEYS */;
INSERT INTO `session` (`id`, `name`) VALUES
	(1, 'bui sng'),
	(2, 'bui tra'),
	(3, 'bui chiu '),
	(4, 'bui ti');
/*!40000 ALTER TABLE `session` ENABLE KEYS */;

-- Dumping structure for table bepnha_update2.staffs
CREATE TABLE IF NOT EXISTS `staffs` (
  `id` int(11) NOT NULL AUTO_INCREMENT,
  `email` varchar(250) NOT NULL,
  `password` char(250) NOT NULL,
  `remember_token` varchar(250) DEFAULT NULL,
  `fullname` varchar(250) NOT NULL,
  `phone` varchar(250) NOT NULL,
  `group_id` int(11) NOT NULL,
  `created_at` datetime NOT NULL DEFAULT CURRENT_TIMESTAMP,
  `updated_at` datetime NOT NULL DEFAULT CURRENT_TIMESTAMP,
  `disable` tinyint(4) NOT NULL,
  PRIMARY KEY (`id`),
  KEY `FK_staffs_staff_group` (`group_id`)
) ENGINE=InnoDB AUTO_INCREMENT=6 DEFAULT CHARSET=utf8;

-- Dumping data for table bepnha_update2.staffs: ~5 rows (approximately)
/*!40000 ALTER TABLE `staffs` DISABLE KEYS */;
INSERT INTO `staffs` (`id`, `email`, `password`, `remember_token`, `fullname`, `phone`, `group_id`, `created_at`, `updated_at`, `disable`) VALUES
	(1, 'jerod62@yahoo.com', 'w!&DK>ZLeKy', NULL, 'Demetris Douglas', '(716) 951-5810 x597', 1, '2018-10-10 02:20:54', '2018-10-10 02:20:54', 0),
	(2, 'rhoppe@hotmail.com', '\\6dTt/6ghMW`a,I/va', NULL, 'Merl Turner II', '+1.727.477.0792', 2, '2018-10-10 02:20:54', '2018-10-10 02:20:54', 0),
	(3, 'unique98@hotmail.com', 'T-fc_oBwUB3-GFO@MtW', NULL, 'Wade Eichmann', '+1-204-673-2581', 2, '2018-10-10 02:20:54', '2018-10-10 02:20:54', 0),
	(4, 'aliya93@quitzon.net', 'o{|@xX*uNNe', NULL, 'Gabriella Blick Sr.', '(475) 716-0555', 3, '2018-10-10 02:20:54', '2018-10-10 02:20:54', 0),
	(5, 'joelle.lockman@gmail.com', 'KW^.<V&.}0`A95_Zh', NULL, 'Freda Bergnaum', '852-385-7070 x53022', 3, '2018-10-10 02:20:54', '2018-10-10 02:20:54', 0);
/*!40000 ALTER TABLE `staffs` ENABLE KEYS */;

-- Dumping structure for table bepnha_update2.staff_group
CREATE TABLE IF NOT EXISTS `staff_group` (
  `id` int(11) NOT NULL AUTO_INCREMENT,
  `name` varchar(250) NOT NULL,
  `role` varchar(250) NOT NULL,
  `disable` tinyint(4) NOT NULL,
  PRIMARY KEY (`id`)
) ENGINE=InnoDB AUTO_INCREMENT=4 DEFAULT CHARSET=utf8;

-- Dumping data for table bepnha_update2.staff_group: ~3 rows (approximately)
/*!40000 ALTER TABLE `staff_group` DISABLE KEYS */;
INSERT INTO `staff_group` (`id`, `name`, `role`, `disable`) VALUES
	(1, 'supper_admin', '1', 0),
	(2, 'admin', '2', 0),
	(3, 'partner', '3', 0);
/*!40000 ALTER TABLE `staff_group` ENABLE KEYS */;

-- Dumping structure for table bepnha_update2.tags
CREATE TABLE IF NOT EXISTS `tags` (
  `id` int(11) NOT NULL AUTO_INCREMENT,
  `title` varchar(250) NOT NULL,
  `created_at` timestamp NOT NULL DEFAULT CURRENT_TIMESTAMP,
  `updated_at` timestamp NOT NULL DEFAULT CURRENT_TIMESTAMP,
  `created_by` int(11) DEFAULT NULL,
  `updated_by` int(11) DEFAULT NULL,
  `disable` tinyint(4) NOT NULL,
  `order_by` int(11) NOT NULL,
  `type` tinyint(4) NOT NULL,
  PRIMARY KEY (`id`)
) ENGINE=InnoDB AUTO_INCREMENT=21 DEFAULT CHARSET=utf8;

-- Dumping data for table bepnha_update2.tags: ~20 rows (approximately)
/*!40000 ALTER TABLE `tags` DISABLE KEYS */;
INSERT INTO `tags` (`id`, `title`, `created_at`, `updated_at`, `created_by`, `updated_by`, `disable`, `order_by`, `type`) VALUES
	(1, 'ut', '2018-10-09 02:13:07', '2018-10-09 02:13:07', 1, NULL, 0, 0, 1),
	(2, 'inventore', '2018-10-09 02:13:07', '2018-10-09 02:13:07', 1, NULL, 1, 0, 2),
	(3, 'quasi', '2018-10-09 02:13:07', '2018-10-09 02:13:07', 1, NULL, 1, 0, 1),
	(4, 'sed', '2018-10-09 02:13:07', '2018-10-09 02:13:07', 1, NULL, 0, 0, 2),
	(5, 'molestiae', '2018-10-09 02:13:07', '2018-10-09 02:13:07', 1, NULL, 1, 0, 1),
	(6, 'tempore', '2018-10-09 02:13:07', '2018-10-09 02:13:07', 1, NULL, 0, 0, 1),
	(7, 'sed', '2018-10-09 02:13:07', '2018-10-09 02:13:07', 1, NULL, 0, 0, 2),
	(8, 'sed', '2018-10-09 02:13:07', '2018-10-09 02:13:07', 1, NULL, 1, 0, 1),
	(9, 'sint', '2018-10-09 02:13:07', '2018-10-09 02:13:07', 1, NULL, 1, 0, 1),
	(10, 'qui', '2018-10-09 02:13:07', '2018-10-09 02:13:07', 1, NULL, 0, 0, 2),
	(11, 'odio', '2018-10-09 02:13:07', '2018-10-09 02:13:07', 1, NULL, 0, 0, 1),
	(12, 'corrupti', '2018-10-09 02:13:07', '2018-10-09 02:13:07', 1, NULL, 1, 0, 2),
	(13, 'velit', '2018-10-09 02:13:07', '2018-10-09 02:13:07', 1, NULL, 1, 0, 2),
	(14, 'neque', '2018-10-09 02:13:07', '2018-10-09 02:13:07', 1, NULL, 0, 0, 1),
	(15, 'dicta', '2018-10-09 02:13:07', '2018-10-09 02:13:07', 1, NULL, 1, 0, 1),
	(16, 'est', '2018-10-09 02:13:07', '2018-10-09 02:13:07', 1, NULL, 0, 0, 2),
	(17, 'mollitia', '2018-10-09 02:13:07', '2018-10-09 02:13:07', 1, NULL, 1, 0, 2),
	(18, 'voluptatum', '2018-10-09 02:13:07', '2018-10-09 02:13:07', 1, NULL, 1, 0, 1),
	(19, 'totam', '2018-10-09 02:13:07', '2018-10-09 02:13:07', 1, NULL, 0, 0, 2),
	(20, 'nam', '2018-10-09 02:13:07', '2018-10-09 02:13:07', 1, NULL, 1, 0, 1);
/*!40000 ALTER TABLE `tags` ENABLE KEYS */;

-- Dumping structure for table bepnha_update2.tag_grouped
CREATE TABLE IF NOT EXISTS `tag_grouped` (
  `tag_group_id` int(10) NOT NULL,
  `tag_id` int(10) NOT NULL,
  KEY `FK_tag_grouped_tag_groups` (`tag_group_id`),
  KEY `FK_tag_grouped_tags` (`tag_id`),
  CONSTRAINT `FK_tag_grouped_tag_groups` FOREIGN KEY (`tag_group_id`) REFERENCES `tag_groups` (`id`),
  CONSTRAINT `FK_tag_grouped_tags` FOREIGN KEY (`tag_id`) REFERENCES `tags` (`id`)
) ENGINE=InnoDB DEFAULT CHARSET=utf8;

-- Dumping data for table bepnha_update2.tag_grouped: ~50 rows (approximately)
/*!40000 ALTER TABLE `tag_grouped` DISABLE KEYS */;
INSERT INTO `tag_grouped` (`tag_group_id`, `tag_id`) VALUES
	(1, 11),
	(2, 5),
	(5, 13),
	(9, 20),
	(1, 10),
	(5, 18),
	(1, 1),
	(3, 15),
	(6, 7),
	(2, 16),
	(1, 8),
	(5, 9),
	(5, 19),
	(3, 8),
	(7, 15),
	(2, 4),
	(7, 12),
	(1, 7),
	(2, 9),
	(9, 9),
	(6, 15),
	(6, 14),
	(8, 14),
	(1, 16),
	(9, 16),
	(2, 17),
	(6, 6),
	(1, 1),
	(10, 7),
	(6, 8),
	(10, 11),
	(10, 17),
	(1, 2),
	(2, 17),
	(10, 8),
	(4, 8),
	(9, 15),
	(1, 3),
	(10, 4),
	(4, 18),
	(2, 16),
	(1, 18),
	(3, 17),
	(6, 17),
	(10, 7),
	(3, 9),
	(6, 6),
	(1, 5),
	(4, 15),
	(10, 19);
/*!40000 ALTER TABLE `tag_grouped` ENABLE KEYS */;

-- Dumping structure for table bepnha_update2.tag_groups
CREATE TABLE IF NOT EXISTS `tag_groups` (
  `id` int(11) NOT NULL AUTO_INCREMENT,
  `title` varchar(250) NOT NULL,
  `created_at` timestamp NOT NULL DEFAULT CURRENT_TIMESTAMP,
  `updated_at` timestamp NULL DEFAULT CURRENT_TIMESTAMP,
  `disable` tinyint(4) NOT NULL,
  PRIMARY KEY (`id`)
) ENGINE=InnoDB AUTO_INCREMENT=11 DEFAULT CHARSET=utf8;

-- Dumping data for table bepnha_update2.tag_groups: ~10 rows (approximately)
/*!40000 ALTER TABLE `tag_groups` DISABLE KEYS */;
INSERT INTO `tag_groups` (`id`, `title`, `created_at`, `updated_at`, `disable`) VALUES
	(1, 'maxime', '2018-10-09 02:10:59', '2018-10-09 02:10:59', 0),
	(2, 'cum', '2018-10-09 02:10:59', '2018-10-09 02:10:59', 0),
	(3, 'ducimus', '2018-10-09 02:10:59', '2018-10-09 02:10:59', 1),
	(4, 'et', '2018-10-09 02:10:59', '2018-10-09 02:10:59', 0),
	(5, 'pariatur', '2018-10-09 02:10:59', '2018-10-09 02:10:59', 1),
	(6, 'maxime', '2018-10-09 02:10:59', '2018-10-09 02:10:59', 1),
	(7, 'maxime', '2018-10-09 02:10:59', '2018-10-09 02:10:59', 0),
	(8, 'nihil', '2018-10-09 02:10:59', '2018-10-09 02:10:59', 1),
	(9, 'laborum', '2018-10-09 02:10:59', '2018-10-09 02:10:59', 1),
	(10, 'ut', '2018-10-09 02:10:59', '2018-10-09 02:10:59', 0);
/*!40000 ALTER TABLE `tag_groups` ENABLE KEYS */;

-- Dumping structure for table bepnha_update2.tag_items
CREATE TABLE IF NOT EXISTS `tag_items` (
  `id` int(11) NOT NULL AUTO_INCREMENT,
  `tag_id` int(11) NOT NULL,
  `item_id` int(11) NOT NULL,
  PRIMARY KEY (`id`),
  KEY `FK_tag_items_tags` (`tag_id`),
  KEY `FK_tag_items_items` (`item_id`),
  CONSTRAINT `FK_tag_items_items` FOREIGN KEY (`item_id`) REFERENCES `items` (`id`),
  CONSTRAINT `FK_tag_items_tags` FOREIGN KEY (`tag_id`) REFERENCES `tags` (`id`)
) ENGINE=InnoDB AUTO_INCREMENT=54 DEFAULT CHARSET=utf8;

-- Dumping data for table bepnha_update2.tag_items: ~52 rows (approximately)
/*!40000 ALTER TABLE `tag_items` DISABLE KEYS */;
INSERT INTO `tag_items` (`id`, `tag_id`, `item_id`) VALUES
	(1, 20, 23),
	(2, 15, 17),
	(4, 11, 19),
	(5, 9, 23),
	(6, 11, 3),
	(7, 3, 48),
	(8, 4, 1),
	(9, 5, 32),
	(10, 20, 46),
	(11, 1, 16),
	(12, 15, 17),
	(13, 6, 31),
	(14, 19, 25),
	(15, 2, 3),
	(16, 11, 17),
	(17, 1, 38),
	(18, 13, 10),
	(19, 16, 14),
	(20, 19, 40),
	(21, 8, 13),
	(22, 18, 26),
	(23, 4, 49),
	(24, 6, 15),
	(25, 4, 40),
	(26, 6, 13),
	(27, 13, 33),
	(28, 16, 40),
	(29, 12, 48),
	(30, 14, 21),
	(31, 18, 22),
	(32, 19, 34),
	(33, 10, 12),
	(34, 6, 24),
	(35, 9, 10),
	(36, 4, 2),
	(37, 6, 32),
	(38, 5, 38),
	(39, 18, 10),
	(40, 6, 16),
	(41, 13, 33),
	(42, 15, 38),
	(43, 7, 21),
	(44, 20, 37),
	(45, 13, 44),
	(46, 2, 43),
	(47, 1, 47),
	(48, 1, 48),
	(49, 17, 9),
	(50, 4, 25),
	(51, 2, 10),
	(52, 6, 29),
	(53, 2, 16);
/*!40000 ALTER TABLE `tag_items` ENABLE KEYS */;

/*!40101 SET SQL_MODE=IFNULL(@OLD_SQL_MODE, '') */;
/*!40014 SET FOREIGN_KEY_CHECKS=IF(@OLD_FOREIGN_KEY_CHECKS IS NULL, 1, @OLD_FOREIGN_KEY_CHECKS) */;
/*!40101 SET CHARACTER_SET_CLIENT=@OLD_CHARACTER_SET_CLIENT */;
